timestamp,lat,lon
2026-09-18T08:00:00,14.049186,77.590000
2026-09-18T08:10:00,13.959254,77.590000
2026-09-18T08:20:00,13.869322,77.590000
2026-09-18T08:30:00,13.779389,77.590000
2026-09-18T08:40:00,13.689457,77.590000
2026-09-18T08:50:00,13.599525,77.590000
2026-09-18T09:00:00,13.509593,77.590000
2026-09-18T09:10:00,13.419661,77.590000
2026-09-18T09:20:00,13.329729,77.590000
2026-09-18T09:30:00,13.239796,77.590000
2026-09-18T09:40:00,13.149864,77.590000
2026-09-18T09:50:00,13.059932,77.590000
2026-09-18T10:00:00,12.970000,77.590000
2026-09-18T10:10:00,12.970000,77.590000
2026-09-18T10:20:00,12.970000,77.590000
2026-09-18T10:30:00,12.970000,77.590000
2026-09-18T10:40:00,12.970000,77.590000
2026-09-18T10:50:00,12.970000,77.590000
2026-09-18T11:00:00,12.970000,77.590000
